,Word,Weight
0,todays,-0.0
1,go,-0.0
2,follow,-0.0
3,liam,-0.0
4,auckland,-0.007517535564266185
5,paris,-0.014685708382124971
6,tweet,0.0
7,show,0.0031194358077761878
8,young,-0.0
9,finally,-0.0
10,peopleschoice,0.0
11,mandela,0.008496516524700105
12,outside,0.0
13,fav,0.0
14,every,-0.0
15,bryant,-0.0
16,look,-0.0
17,tickets,-0.0
18,school,0.0
19,louis,0.003385079988847152
20,philippines,-0.0071824075011756635
21,michael,0.07411185781283598
22,leave,0.0
23,harry,-0.002468560213210562
24,guy,-0.05084744489782254
25,work,0.0
26,says,0.0
27,sign,0.0
28,past,0.0
29,street,0.0
30,video,-0.0
31,even,0.0
32,chicago,0.05788060964807485
33,giving,-0.0
34,waiting,0.0
35,international,0.0
36,ever,0.0
37,full,-0.0
38,never,-0.0
39,water,0.0
40,‚ù§Ô∏è,0.0
41,leeds,-0.0
42,making,0.0
43,november,0.0
44,wait,-0.0
45,arena,0.0
46,boy,-0.0
47,great,0.0
48,china,-0.006842216811414321
49,leaving,0.0
50,airport,-0.0
51,derby,-0.0
52,makes,0.0
53,thats,-0.0
54,via,0.0
55,love,-0.004242800089386513
56,family,0.0
57,egypt,-0.0
58,win,-0.061135719801176616
59,1st,0.0
60,use,-0.0
61,takes,0.0
62,would,-0.0
63,visit,-0.0
64,two,-0.0
65,next,-0.0
66,live,0.0
67,call,-0.0
68,6,0.0
69,taken,-0.0
70,preview,-0.0
71,today,-0.009943018753890741
72,Count,0.0
73,israel,0.0
74,club,-0.0
75,share,-0.0
76,flag,-0.0
77,baby,-0.0
78,must,0.0
79,fly,0.0
80,join,0.0
81,tokyo,-0.036154355702830876
82,car,0.0
83,getting,-0.0028521854179648595
84,vs,0.0
85,v,-0.0
86,meet,0.0
87,male,0.09127162742394473
88,didnt,-0.0
89,beautiful,-0.10308607827298014
90,beijing,-0.0019860388854841013
91,give,-0.0
92,awesome,-0.0
93,india,0.0
94,fuck,0.0
95,high,0.0
96,want,-0.0
97,neonlightstour,0.0
98,times,-0.0
99,angeles,0.0
100,united,0.03179643294889639
101,end,-0.0
102,goal,0.015056466834083303
103,thing,0.0
104,travel,0.0
105,breaking,0.0
106,1,0.0
107,hot,-0.0
108,beach,-0.0
109,seoul,-0.0
110,may,0.0
111,watch,-0.03229788930934495
112,plane,0.0
113,ff,-0.0
114,coming,0.0
115,president,0.0
116,guys,-0.0
117,man,0.012867096935882182
118,remember,0.0
119,road,0.0
120,african,-0.0
121,fan,-0.0
122,playing,0.0035206682387239345
123,cute,0.0
124,help,-0.010447681785685553
125,years,0.011194955544457914
126,london,-0.01016733823644432
127,looks,-0.0
128,japan,-0.0004999455641312936
129,smiling,0.0061384072481689795
130,still,-0.0
131,perfect,-0.0
132,police,-0.0
133,thank,-0.01878834591107649
134,amazing,0.0
135,denver,0.0
136,better,-0.0
137,orange,-0.0
138,2014,0.0
139,team,-0.0
140,norway,-0.003181981605756525
141,2013,0.0
142,good,-0.021244410804584512
143,front,-0.0
144,killed,-0.0
145,name,-0.0
146,always,0.0
147,university,-0.0
148,detroit,0.0
149,mufc,-0.0
150,found,0.0
151,went,0.0
152,en,0.011575926559660199
153,england,-0.09937546103625713
154,house,-0.0
155,breakoutartist,-0.0
156,milan,0.0
157,year,-0.0
158,girl,-0.0
159,event,-0.0
160,special,-0.0
161,really,-0.0
162,lt3,0.0
163,try,0.0
164,jackson,0.0
165,god,-0.0
166,since,0.0
167,140123,0.0
168,tomorrow,-0.08170338656032318
169,looking,0.0
170,seriously,0.0
171,7,0.0
172,hilarious,0.0
173,got,0.0
174,red,0.0
175,shows,0.0
176,ass,0.0
177,state,-0.0
178,million,0.0
179,free,-0.0
180,york,0.0
181,put,0.0
182,could,0.0
183,days,0.0386248104191584
184,keep,0.0
185,believetour,-0.0
186,birthday,-0.0
187,place,0.0
188,w,-0.0
189,austin,0.006726555495951608
190,think,0.0
191,south,-0.0
192,first,-0.0008230184770580879
193,dont,0.0
194,feel,-0.0
195,arsenal,-0.0
196,one,0.006140722067939965
197,done,-0.0
198,lol,0.0
199,another,0.023618031589327418
200,vote,0.0
201,kobe,-0.02962186402346664
202,miss,-0.0
203,george,0.017920142714971783
204,city,-0.0030159161042003276
205,little,0.0
206,start,-0.0
207,festival,0.014949501918786783
208,top,0.0
209,girls,-0.0
210,2,-0.0
211,white,-0.0
212,final,0.0
213,friend,0.0
214,voteaustinmahone,0.0
215,season,-0.0
216,hotel,-0.0
217,albert,-0.0
218,took,0.0
219,part,-0.0
220,jordan,-0.0
221,bieber,-0.125210158051799
222,üòç,0.0
223,üòÇ,0.0
224,believe,0.0
225,11,-0.0
226,10,0.0
227,12,-0.0
228,sweden,0.0
229,feeling,0.0
230,russia,-0.0
231,bridge,-0.0
232,fashion,-0.07888453399336444
233,san,0.0
234,boston,0.01678920503891555
235,tonight,-0.0
236,say,0.0
237,need,0.0
238,seen,0.0
239,saw,0.0
240,dallas,-0.0
241,snow,-0.0
242,also,-0.0
243,take,-0.0
244,youre,0.0
245,blue,-0.0023846427987767767
246,play,-0.0
247,sure,0.0
248,park,0.0
249,victoria,0.1289804375515167
250,germany,0.03223017956529562
251,luhan,0.0
252,picture,0.0
253,mobile,0.016448634239785667
254,exo,0.0
255,proud,0.0
256,face,-0.0
257,heres,-0.0
258,wow,0.0
259,madison,-0.0
260,shot,0.0
261,houston,-0.0
262,dicaprio,0.0022097719772082446
263,winter,0.0
264,manchester,-0.0
265,chicken,4.225753855870679e-05
266,find,-0.0
267,winner,-0.0
268,3,-0.0
269,going,0.0
270,black,0.0
271,pretty,0.00013305376844992953
272,8,-0.0
273,watching,0.0
274,hope,-0.12590591259786552
275,wearing,-0.0
276,toronto,-0.0
277,get,-0.0
278,beat,0.0
279,de,-0.0
280,stop,0.0
281,october,-0.0567724742590797
282,new,0.025718132879114095
283,morning,-0.0
284,bad,0.0
285,release,-0.021475381695532304
286,x,0.0
287,view,0.0
288,set,-0.0
289,concert,-0.0
290,national,-0.0
291,see,-0.005673413286798599
292,us,0.011490290370679345
293,greece,0.041426985435969475
294,retweet,0.004629587456536001
295,best,0.0
296,brazil,0.006980700884411145
297,said,0.0
298,away,-0.015764012286014414
299,please,-0.0
300,fans,0.006455657752316487
301,won,-0.0
302,available,-0.0
303,htt‚Ä¶,-0.01170872410052511
304,omg,0.0
305,missing,0.0
306,awards,0.0010657922579536024
307,news,0.0
308,come,0.0
309,last,0.0
310,many,0.0
311,ill,0.0
312,tour,0.034616632125139386
313,games,-0.0
314,let,0.0
315,jersey,-0.03468372596120063
316,period,0.0
317,sochi,0.0
318,cr,-0.0
319,turkey,0.00010191850091968165
320,west,0.0
321,whos,0.0
322,much,0.0
323,ireland,0.0
324,meeting,-0.0
325,board,0.0
326,life,-0.0
327,liverpool,0.0
328,fire,-0.0
329,photos,-0.0
330,atlanta,-0.0
331,spain,-0.0
332,georgia,-0.0
333,abandoned,0.0
334,air,-0.021333670758100946
335,near,-0.0
336,fun,0.0
337,taking,-0.0
338,ive,-0.0
339,mexico,0.0
340,rip,0.0
341,cant,0.0
342,someone,0.0
343,im,0.02315381918223979
344,ready,-0.0
345,seattle,-0.0
346,monroe,0.0
347,italy,0.012378189488830252
348,shirt,-0.0
349,open,-0.0
350,things,0.0
351,make,0.0
352,trip,0.0
353,shit,-0.0
354,party,0.0
355,week,0.0
356,singapore,0.005616711773623093
357,pick,-0.029514982709024418
358,yesterday,0.04397063135630925
359,munich,0.0
360,indonesia,0.0
361,well,-0.0
362,game,-0.0
363,without,-0.0
364,left,0.0
365,mahone,2.4545515787613357e-05
366,photo,0.04626371199135863
367,rest,-0.0
368,thanks,0.0
369,world,-0.0019598891936545024
370,paul,-0.0
371,cup,-0.0027622115397845522
372,lake,0.0
373,day,-0.06162527102440185
374,lets,0.0
375,perth,-0.01295486219738771
376,4,-0.033582639234317355
377,sydney,-0.01690277186242932
378,east,0.0
379,match,0.0
380,real,0.11729901710264927
381,australia,-0.014029543252199957
382,around,-0.00042615946526160833
383,read,-0.0
384,big,-0.0
385,delhi,0.0
386,gonna,-0.0
387,blowjob,-0.0
388,know,0.0
389,zayn,0.0
390,newcastle,-0.06058369477344583
391,amp,-0.0
392,lady,-0.0
393,mostlybjs,-0.0
394,d,-0.0
395,dubai,0.0
396,like,-0.02813018127041756
397,lost,0.0
398,miami,-0.0
399,performing,0.016975375686396454
400,james,0.0
401,tower,-0.0
402,page,0.0
403,right,0.0
404,old,-0.0
405,people,-0.0
406,fucking,0.0
407,madrid,0.0
408,twitter,0.003812799681967238
409,back,-0.0023580344944661
410,malaysia,0.028225126320917546
411,home,-0.0
412,retro,-0.0
413,christmas,-0.028222451322629728
414,welcome,-0.0
415,pls,-0.0
416,night,-0.009482245641590671
417,thailand,-0.047485859657945134
418,post,0.0
419,rt,0.0006467278276721959
420,super,-0.0
421,stage,0.00030525405078853947
422,central,-0.0
423,justin,0.0295791820301183
424,oh,0.0
425,island,0.0
426,favorite,0.0
427,melbourne,-0.0024958856904497033
428,niall,0.0
429,wanna,-0.0
430,earthpics,0.0
431,pussy,0.0
432,washington,0.0
433,everyone,-0.0
434,ht‚Ä¶,0.0
435,cardiff,-0.03928816356658849
436,france,0.0
437,van,0.0
438,hes,0.0
439,support,-0.0
440,flying,-0.0
441,hey,0.0
442,long,0.0
443,los,-0.0
444,way,-0.010327116208278635
445,brazilian,-0.0
446,music,0.09260544080971467
447,happy,0.0
448,north,0.0
449,batman,0.02849720361856812
450,hq,-0.0
451,boys,0.0
452,‚ô•,-0.0
453,true,0.0
454,made,0.0
455,official,-0.03439810283335092
456,signed,-0.0
457,uk,0.006663918227989601
458,h‚Ä¶,-0.0
459,pic,0.027879280062931226
460,together,-0.0
461,check,-0.0
462,film,0.0
463,facebook,0.0
464,incredible,0.0
465,book,-0.0
466,5,0.0
467,u,-0.0
468,nice,0.013847627039652107
469,canada,-0.0
470,star,0.0
471,football,-0.0
472,stay,-0.0
473,chance,-0.0
474,backstage,-0.00811123644580907
475,‚Ä¶,0.0
476,friends,0.02224691989662854
477,ago,0.0
478,barcelona,-0.01161875167035166
479,Friday1,0.8731577671488495
480,Friday2,0.2424181711325213
481,Friday3,-0.10186422867538347
482,Friday4,-0.4016676077381626
483,nelson,0.001052448262612113
484,time,-0.0
485,serious,-0.0
486,buffalo,0.0
487,hello,0.0
