,R^2_twitter,RMSE_Twitter,RMSE_L4F
Aarhus,0.09999901036871717,85.9330789475695,78.46435508899089
Abbotsford,-0.20498304748054297,7.356299965419666,9.031396848342899
Aberdeen,0.32353553260439305,578.6180549270505,570.7277849480597
Abha,-0.0786199400470542,17.14961578184823,20.934512380128417
Abilene,-0.08077883419421195,8.801047699568812,9.770375731540923
Abuja,-0.025987756269645557,75.85710529814845,74.80190531706062
Acapulco,-1.1248680757997525,72.29460125159571,63.6362603616248
Accra,-7.680085542461935,1166.7845166822503,369.2310336509345
Adana,0.32573523908650315,198.9156087343936,218.81219820813791
Adelaide,0.01416964960879008,531.5973401181949,498.5522855682366
Aden,-0.03318299899403754,44.28182962924452,49.30789189495937
Afghanistan,-0.18825298142662317,134.13843450275294,142.5415312286212
Agadir,-0.002484690602724049,518.0523551868714,505.4358945272512
Agra,-0.7608663183706461,40.14232070041394,30.409948708749088
Agri,-0.5890705773856426,29.319125888327264,31.499800346589502
Ahmedabad,-4.650977126298068,485.68067083973244,217.86378153490202
Akron,0.035236179384406485,25.40716508517223,27.231410660531342
Albania,-0.13080411479630594,475.4326303893461,476.10831315928
Albany,-1.1341150872820496,3.4922964175932325,2.969647890533489
Albuquerque,-0.12083593245415658,82.93999620285838,84.19022615296564
Albury,0.04539603129074676,20.046755919827685,21.664715607266807
Alexandria,-0.21319086348729277,147.5342618984171,153.83631247256366
Algeria,-0.04616977583476167,540.4777477317334,573.806084677132
Algiers,-0.5196003502633326,371.86211704420407,334.7276172268655
Alicante,-0.47565522806180893,5219.504249199466,4032.6696528652865
Allentown,-1.0715317466022225,17.56498674948457,14.555088645169773
Almaty,0.20174452701124912,303.4805728998747,291.01927563146484
Almeria,-0.010489953357221138,265.4170220410768,239.52267213929875
Alta,-0.31860760774583374,35.060221712200196,36.390840623019415
Amarillo,-0.328486272706384,10.048067444827861,10.916864462266627
Ambon,-0.9414160603671957,34.33183132304404,30.411782641560166
Amman,0.02949384458670523,637.7931441781272,588.7185952511874
Amritsar,0.05469886437911309,257.02364677827427,260.18843468334404
Amsterdam,0.15534836304364164,8416.860479033547,8185.824464829668
Anchorage,-0.6189847296815496,173.1029127202724,149.69111112554413
Angeles,-0.04453577258958563,234.7895858417801,225.23652329447208
Anglesey,0.1689870425485024,13.582252122877529,12.207398019490066
Angola,0.19427927150010982,170.77859308942217,172.89859479484284
Anguilla,0.024526370926591712,15.300242808579332,14.872322204078804
Ankara,-0.017602097720044618,786.3968008190327,752.7142418623046
Annaba,-0.07001302125185371,27.94925264866538,33.957529510903335
Antalya,-0.2686255775305406,2405.471212979447,2199.375417412578
Antofagasta,-0.23117175407693313,15.014027253790978,14.751138556385314
Antwerp,-0.04387943356374291,93.97144686428896,89.66058622748487
Appleton,-0.6683893274669515,14.20295983851607,13.554451119882737
Argentina,-0.2966374500092459,2273.050100588653,2004.449628575409
Armenia,-0.2829359658952004,494.2403146075919,447.9911162449262
Aruba,-0.30213324218788284,238.18827728085475,234.92656182970248
Arusha,-0.3874043046825486,27.28394900038124,28.28122239795481
Asheville,0.05160567570443464,27.15768017365052,26.434167564796702
Ashland,-0.5458912678521142,4.594739447715673,5.427450390554987
Asmara,-0.3926865614281343,78.50447447075956,76.0549227214208
Aspen,0.056059768282989864,31.855785315916137,30.813930620946433
Astana,0.24128641338578583,188.55713225386748,191.70156407282846
Asturias,0.25096121787347736,158.4300788807166,163.31572668310685
Asuncion,0.13533515831949616,107.41069537196056,125.10537371052453
Athens,-0.42013775102223017,6204.308844513907,5067.358861606773
Atlanta,0.0823107471290555,622.6211850906806,632.3465141711267
Auckland,0.05737439699317204,2082.810175991855,2036.1465612203683
Augusta,-0.3100468537772929,15.496666884863318,17.45258923752433
Austin,-0.10319168441089732,343.18545609043946,309.8702698875067
Australia,0.16657210986902748,11679.194550506201,11996.83980654922
Austria,0.1593576369441818,4204.792705556254,4151.23344084745
Avignon,-0.24743321121759898,59.23593439152933,36.95268334575465
Azerbaijan,0.05854256152194259,461.4585804282749,463.7331777609297
Baghdad,-0.4436611779912294,138.74153746152376,135.01463476809653
Bahamas,0.10106504621735746,339.6985831274574,359.49597925646196
Bahrain,0.1119877970452916,216.04952269181987,223.1474202233666
Bakersfield,0.20595532635098024,9.234293603023334,10.817222595819134
Baku,0.07229337993328966,375.6011759029377,383.4529371383143
Balikpapan,0.18606466729299465,51.40324174488894,47.70034827762216
Ballina,0.3207474741102043,41.79657990807399,39.537630095244545
Baltimore,0.023501741996517445,173.1391803395999,171.0013688381799
Bangalore,-1.8438351653814893,904.4225866584982,549.3078696897807
Bangkok,-0.10254133619158323,11934.01705611948,10850.01983768258
Bangladesh,0.1598694175016926,361.10199651681285,384.6110854750712
Bangor,0.02553284317315707,23.601135795629325,28.014963914397605
Bangui,-0.042737874799064324,27.933429342949914,27.94755971010707
Barbados,0.011655561002784864,301.4758536907193,323.41242224639626
Barcelona,0.13356566900914602,11247.110165599011,11081.745914638252
Bari,0.7474679242466491,248.3306963757387,205.32140019742758
Barra,-0.17873674065909362,17.115295694356533,22.64533228324879
Basel,0.1926126466185636,691.8303040201068,677.98259736089
Basra,-0.27271958711933997,54.06821614851234,51.857090962225364
Batman,-0.3286174218110196,53.300051055699726,55.40633936118005
Beijing,0.09556653786494418,2250.994832299628,2342.0303530378897
Beirut,-0.10393722434531139,473.12475846452884,464.98549548950996
Belarus,0.22881612649758465,449.035643984554,458.85222903015034
Belfast,0.18255128861064007,1231.0446552805465,1189.087988442324
Belgium,0.154896937399027,3528.2503878871667,3436.169683244817
Belgrade,0.05809564556137714,978.6811957543657,981.4662741356043
Belize,-0.19227902766396054,219.60106283135076,241.0789903129522
Bellingham,-1.8357148791923508,242.7057952130675,180.95506137790468
Benghazi,-0.9682933668070453,24.286666378511686,23.130755618196957
Benin,-0.1791141003382688,57.73777221352908,80.81047742538556
Bergen,-0.05513152665944476,524.3622324332738,478.3244908989608
Berlin,0.06204433198462689,6335.787652000189,5790.665813217949
Bermuda,0.13837274451806514,81.02568296687664,99.33949051107523
Bern,0.2064455614607411,121.83394187848452,124.33644699275129
Bhopal,-0.3702153643191102,19.634056547269793,21.582412454212577
Bhubaneswar,-0.4679628246949721,37.1294337892713,37.19728468962822
Bhuj,-0.22426636408708833,32.06250315562945,33.80440477597653
Bhutan,-0.3253104141302836,49.64536148049947,54.24797321242749
Biarritz,0.22913003171711188,136.96654260455833,102.26617172375357
Bilbao,0.27873572023453963,860.8095005591758,927.1760248910736
Billings,-0.5482963150636526,36.53772305218031,28.440155051525977
Binghamton,-0.5238976885396269,9.009432536779556,8.839915246341448
Birmingham,-0.11246768586753508,59.59782490396726,67.1077205122015
Bismarck,-0.4030860294832823,18.410784018946035,31.871861641832737
Blackpool,-0.05503944540061401,49.329484038762814,51.629666291835065
Blenheim,-0.06528316471637297,18.91496695898114,19.976723271253725
Bloemfontein,0.14849505280230946,12.55103243687836,13.674370843616536
Bodo,-0.22742112482731458,71.18973713175279,75.2083159048918
Bogota,0.11920256362702708,799.2335947639823,832.5605561449794
Boise,-0.3052541030892473,88.6306099518974,91.43796661278752
Bolivia,0.07308054602388137,432.65549174186003,470.24199232698936
Bologna,0.2599611101619116,1146.0737347213517,1118.348440467851
Bolzano,-0.026313248974414005,63.31185255534359,55.67421102662794
Bonito,-0.10824579209514718,18.73525547901881,20.680802352362928
Bordeaux,-0.15521566711151857,735.2105678223736,674.7071398253098
Boston,-0.27885850961040015,1367.8334948653537,1243.831332430228
Botswana,-1.3129533311243753,93.82671656966053,94.01313665271067
Bournemouth,-0.07669047894044456,107.27066191352664,104.67484820937764
Bozeman,-0.3219869178107282,52.73728391071235,44.65212061033608
Brasilia,0.0776171015017455,284.1867629285501,306.7593457915647
Bratislava,-0.33369671540940615,434.52294352552445,373.6487521462754
Brazil,-0.27228035333537637,9227.132456546367,8087.8409239869925
Bremen,-0.0374637308118011,356.30686440150026,322.5174788746922
Brest,-0.11503857360615344,95.93506141593484,89.60413776107802
Brisbane,0.12663718778647515,1497.5408606561361,1461.7211720851128
Bristol,0.2996492280926496,715.363303474998,693.516506483894
Brno,-0.09566830425733563,159.06579064610207,162.4176585251162
Broome,-8.748249645814967,151.93932779172854,38.752548823562314
Brownsville,-0.24108859754690526,15.428719927839571,16.4043921567137
Brunei,0.0548636895355511,60.489370386141964,69.81854693394686
Brussels,0.22737150288138663,3226.7612446148078,3275.2126172007665
Bucharest,0.12631829420370722,1560.7096185514624,1533.7664524828149
Budapest,0.12463145560508793,4077.49315994448,4040.0525483147535
Buffalo,0.14743028367811273,108.86143626963111,120.00832352317795
Bulgaria,-0.20404060655690315,2272.7883487630447,2055.9512221716786
Burbank,-0.06376253373819152,24.703588172043524,27.038885843470883
Burgos,0.14698823895776592,16.099967356696997,18.242512376657444
Burlington,-0.3894946168379596,41.12153967792765,41.7187219101029
Burnie,-0.22004237046976782,6.030864094141282,6.887606339923181
Bursa,-0.6425394541827736,27.53562364130343,23.501436126330667
Burundi,-2.384253946870839,65.02460280490962,72.08062556631462
Busan,-0.255674950523169,367.47420861188266,312.78096800366944
Caen,-0.0780173417886576,19.407776426579677,20.633509608159248
Cagliari,-0.004288177135863824,576.032668443708,552.2446224698571
Cairns,0.02466565405856269,459.05095724700965,455.98899916914803
Cairo,0.0028437917434785964,983.1476398521618,952.7542038885706
Calabar,-0.12676402582448,5.100127794667341,5.111212398981283
Calgary,-0.7338640370320628,678.6576389512877,530.7795875930694
Cali,-0.33225433670377424,150.14378973580952,145.36932860551693
Cambodia,-0.24738241800051752,1402.5762571626753,1293.7774575513245
Cambridge,-0.1456329056986454,25.644956056610706,21.377711816281927
Cameroon,-0.9030707467648496,213.91459321284034,160.936389741316
Canada,-12.588460092695485,21532.442908714638,5872.909750219115
Canberra,-0.052859329252190834,111.79746892371925,132.84541753834606
Cancun,0.06438767987336524,1713.3604184536296,1691.8163891595643
Caracas,-4.58363918360178,875.2363133937417,345.1009436223879
Cardiff,0.29260498364713683,245.9931061944705,244.3853667877846
Carmel,-1.813570476609263,27.114505463352838,20.008921350081568
Cartagena,0.28411703654839504,176.85027744910383,183.24785794493275
Casablanca,0.05642120471043832,1110.6769651405784,1145.3225235151422
Casper,-1.7572192400587747,16.219580645018425,19.521091858391273
Castlegar,0.051972237731226834,9.057670519261833,10.365680812646964
Catania,0.02775227738103936,1468.4343139439186,1453.1673262249644
Cayenne,-0.21318862105138248,48.873476920232925,49.918137673094336
Cebu,0.0060627851980383785,621.3458141634926,606.9951500687887
Chad,-0.2510765220328903,26.64840377585973,32.69900102401831
Champaign,-0.09134302388632487,12.835670184242487,15.821343253458284
Chandigarh,-0.19581108029818428,60.31321716924917,67.03541653717458
Changsha,-75.11168979038875,775.9046372170915,100.32584977368745
Charleston,-0.6374406387211047,118.73715093935888,95.03123869615192
Charlotte,-0.06131327830443545,233.7735130260709,229.27809874146288
Charlottesville,0.13486473030421375,14.170335317542387,13.796618414941397
Charlottetown,-0.26253567779619913,19.110807603617655,21.745493875887252
Chattanooga,-0.3797109495007005,21.91798590722412,23.424882437004886
Chelyabinsk,-0.8288151228870393,323.9456684859469,230.7101162376175
Chengdu,0.18090437533071257,298.71291789474645,343.0397542673625
Chennai,-0.1792269551651018,632.4667532387047,609.2919552869084
Cheongju,-0.013677787649498896,10.04518638622253,11.645901258770497
Chicago,-0.16911322266111828,1701.5552292243358,1593.317522069224
Chihuahua,-0.09783672546558297,24.744722264143387,26.980602117539927
Chile,-0.03848315526747936,1111.64672515071,1005.6935616874215
China,0.12496759837958205,8654.687046185622,9040.380706780834
Chittagong,0.04605196155614144,26.1266518378023,30.38653405067619
Christchurch,0.10468113162761572,628.5323903569829,644.9682275211073
Cincinnati,0.07456461708909012,83.65712586931637,81.5603671895471
Clearwater,-0.241755673650202,17.624197220075942,19.436944324854665
Cleveland,-0.015446369273627303,110.06554830694283,105.54823051498188
Coca,-0.041700403088492655,4.4615273567153295,4.880693790333502
Coimbatore,-0.27269063313834563,52.38566426641695,54.17040423803851
Cologne,0.1922922870447914,990.4939289796331,947.4295372566799
Colombia,0.157597442311333,1513.1333882914914,1559.2088482248978
Colombo,0.16270051782742723,1649.222389718901,1720.632302126487
Columbia,0.08311120885686063,26.92258643920629,28.143150740344442
Columbus,-0.05439059245542355,7.027843171060436,7.784202502103218
Comox,-0.17484699257884406,9.565622957583876,11.479290609755719
Concepcion,-0.4218667067182529,14.728654359297183,16.013191583425836
Congo,-0.1111624518580614,56.586103762695345,71.20325097366518
Constantine,-0.03600530138363478,54.60420506230626,63.84646026430322
Copenhagen,0.14596347738432458,2930.8444778437442,2934.9652702940166
Cordoba,-0.1258091724444208,90.16697683249862,94.08828529465028
Corfu,-0.8178080614580583,1036.1810399410767,731.4273841878247
Cork,0.1623260543097712,570.6079801625976,539.9562639442719
Cozumel,-0.1605580634323278,40.005515913217856,36.53479505895715
Cranbrook,-0.1732677156559752,8.255427402986541,9.610677445827735
Crete,-0.5368822425020339,2440.624119519909,2034.2426225123922
Croatia,-0.4927191470375474,4535.537216306073,3577.8176049536687
Cuba,0.1815316980445396,2009.2750458225587,2200.6021682552455
Curacao,-0.8607817127878716,468.50484359873894,459.1546127913567
Curitiba,0.2570368921787831,100.58382415895451,92.2040339191716
Cyprus,-0.051675224237178075,3418.9127391064662,3163.280072533122
Daegu,0.34647455191755516,17.128514323368385,16.800475223693393
Dakar,-0.7295765330340716,290.7540033454502,229.93922570873212
Dalian,0.14261458685040196,99.52305166258763,108.06952288848021
Dallas,-0.08788592775057325,580.5282797872027,565.5031911485723
Damascus,0.032541329400592955,34.69388955576344,36.25732038154502
Darwin,-0.8164941368759615,392.0465370454019,293.19793192510116
Davao,-0.04454052950860388,163.74958511577344,149.16769106811887
Dayton,0.05753375312363651,40.10049750506599,43.56509362795517
Delhi,-0.3378100242898834,2738.509168919129,2430.236503456891
Denmark,0.18042806625968233,3266.803821640798,3295.9200033253705
Denver,-0.18021564936121903,700.9134499131691,663.0876731365356
Derby,-0.04827338583065588,8.11422067912715,10.756128340392745
Derry,0.20916515674440328,100.90392666885927,89.97651114926467
Detroit,0.052779784657367546,281.2827780628495,283.20475115050374
Devonport,-0.20501904601701093,14.433784164469678,15.444310728257438
Dhaka,0.029260084394711505,338.0798673820085,337.7960181282208
Dickinson,-0.42339144488800784,8.753974960102271,9.265538387643927
Dijon,0.008233371612222484,13.645629921616194,14.670778380210438
Djibouti,-10.283453562820464,153.29653998615134,70.734940834348
Doha,0.1016714658181972,455.2554943152677,447.389035495989
Dominica,-0.02179718789698093,48.54719451800777,47.1534067648484
Doncaster,-0.33499792310297716,113.39268991198418,104.34997716518676
Donegal,-0.008762200839595558,23.478842258951484,25.561766493143622
Donetsk,-2.381267242070744,414.5107289758695,220.00505041255593
Dortmund,-0.13720584573639627,345.38322097905234,290.6883791106896
Dothan,-0.039315238875511804,10.321328014589012,12.370706325832812
Dresden,0.21017053423335597,200.44874306909287,207.05891805685405
Dubai,0.11412592509568975,4268.912556056338,4276.663786117889
Dublin,0.2821647444787597,5298.890049432424,5353.880026781686
Dubrovnik,-0.7046698139515606,1437.5200333303,1089.3272072222062
Duluth,0.015886614327743742,8.453099834650498,10.743116437107531
Dundee,0.1844887772605509,46.872157834105025,47.20561221103642
Dunedin,0.19901568829214822,42.100721627341116,45.89126590420363
Durango,-0.08588206949522781,29.689168775391924,30.83187176293794
Durban,0.1479260917881139,203.7610511722779,211.44602485216237
Durham,0.07138386872384339,48.01369531436211,40.91883830370799
Dusseldorf,0.1433235040352172,2402.1534274350474,2115.064957160374
Ecuador,0.17557148048555604,720.8649554896334,807.9300171048619
Edinburgh,0.21928417480755003,2637.2347042440356,2628.9735049829515
Edmonton,-0.3262320705234356,238.58088600612317,233.70233400197085
Egypt,0.21935396588057732,2580.3653091861065,2695.101241637461
Eindhoven,0.14505084219978648,670.3784211304678,647.2820463592841
Eldoret,0.0007088412955442713,12.059290989828979,12.996430961688501
Elmira,-1.8327642552840793,10.855062469089308,9.311874573066163
Enugu,-0.42112983961559247,14.432440566902915,14.947865043371202
Erbil,-0.4762460581702266,334.31530281389996,300.73071364412755
Erie,-0.18787078085804,10.193610379722815,12.381862049485933
Eritrea,-0.5942625308600038,83.71528347094461,75.8014169956498
Esperance,0.010911848168109639,8.807665766465613,9.794834879801734
Estonia,-0.0017106968667235378,992.052056866139,993.2800080317074
Ethiopia,-0.18830894889420535,291.8869801118239,263.10019007885813
Eugene,0.014884488483217995,21.05172184492626,24.362812257490923
Evansville,-0.5028015600950391,14.470362581248791,15.74858416575301
Exeter,0.10936609146191567,182.39885828180678,168.86360527804683
Fairbanks,-1.0631658642016597,52.2584404463035,40.37706301530531
Faisalabad,-0.10174190516901693,8.2287917980038,9.104686293332682
Fargo,-0.972955618521421,36.16807021708941,28.958792449897665
Faro,-1.0830272730523158,2770.8507668941825,1067.229785104272
Fayetteville,0.020374392533051955,13.72512087326996,14.15018909988485
Fes,0.11346431534069401,258.80694854141325,246.26845366293114
Fiji,-0.2072044016529453,481.2514570755916,440.672416220903
Finland,0.12886103565777351,2171.7761734294886,2155.657254356944
Flint,-0.713093623884784,16.425758855830228,14.667075559522766
Florence,-0.48032270498648066,44.194275854767604,41.8950896306029
Florencia,-2.539799395763806,8.370992135205013,6.075054655103935
Flores,-1.3880956842782672,18.105278637391013,14.33729429887313
Forde,0.005712030406852642,6.994917593818027,7.094705332147347
France,0.11758326357226079,19685.838428475916,19527.48963421552
Frankfurt,-1.2009952560886257,5802.863012806488,3516.8846947423904
Fredericton,-0.2982206917816863,17.7212421191249,19.468333986908238
Freeport,0.2024650351353784,27.954424007441474,39.89943987601023
Freetown,0.13019011318334872,64.55028520791684,62.886577587152885
Fresno,-0.09581777050128615,37.14111308778907,43.4875626526568
Fukuoka,-1.4821831114027129,533.0953405088504,354.392019239685
Gabon,0.005176549502649785,42.73824945969401,54.63804837880981
Gaborone,-0.5025680602621654,44.70185721442767,66.76123606651566
Gainesville,-0.14512187080653205,34.714451683091816,43.19728791942556
Gambia,-0.19438031367062503,160.5135744888344,167.71504898562327
Gander,-0.48959521270693696,5.763983087943558,6.484651349532988
Gdansk,0.7153237038895148,247.26888161967713,191.5571105777679
Geneva,0.18532071534919903,2926.706855585066,2829.893318053262
Genoa,0.44961464341531543,184.01057456953703,133.77270835263815
George,0.0875576760745489,32.798707947063946,34.66433742425348
Georgetown,-0.06385672483296823,39.89594638130709,53.7828193771603
Georgia,-0.10909324849168422,962.1492526454334,965.4959470699987
Germany,0.23370050317376645,20646.512091417313,20597.30201910177
Ghana,0.1294002654311316,376.881081941073,375.9175856113611
Gibraltar,-0.28210663376339995,428.3160441561025,340.3084482942919
Gisborne,-0.10672013642247169,11.589636027873494,13.415171809463319
Gladstone,0.05142241390280944,25.00267856010479,27.741386613686057
Glasgow,-0.6590661543572385,2391.2846841714245,1704.3854685516878
Goa,-0.7970272920400783,1337.849081780609,1087.4762765282371
Gothenburg,0.09978460837000236,635.5107769189987,617.9394245412278
Granada,0.042149918957065435,355.6388915332057,345.35555376397963
Graz,0.38560324456706896,88.24082841173202,72.35755458585622
Greece,-0.733299234268934,17974.640946896267,13608.853113806617
Greenland,-0.3212700997069602,67.1647516032855,67.9425508414554
Greenville,0.18950543087013794,29.132215152742784,31.5938316022685
Grenada,-0.07549936572803584,71.15317719943793,81.404420444892
Grenoble,0.32433184569336315,244.65806305530114,273.2687975650646
Griffith,-0.238259785027648,7.789398530461434,9.273310998505334
Groningen,-0.07676904825256159,45.97211992266216,43.8016661444659
Guadalajara,0.22320083144158465,125.5476233101809,112.1051065712657
Guadeloupe,-0.7564743601622184,291.74021462423315,235.2604199090473
Guam,-0.04407699774635354,158.61797107291912,164.72633988157833
Guangzhou,0.09216770912831307,1025.3628150965849,1043.9751988437183
Guatemala,-0.03592219446495415,273.86669789137545,272.7355727379888
Guayaquil,0.3250073549860062,164.79985261474204,177.8385307070216
Guernsey,0.0034605055260764628,125.14238763294637,110.28061277798334
Guilin,-0.06222408662870027,85.07579675481743,91.39990448059834
Guinea,0.04462445420183392,64.49414861071227,75.50374059442353
Gulfport,-0.03373091205231127,12.753164260278531,14.385761750044113
Guwahati,-2.601545479912051,70.1790522538079,44.38697461671611
Guyana,-0.06808932050465177,40.7266279872221,54.07167913404392
Gwangju,-0.011458979898883115,14.837477224677016,18.932216206347075
Haiti,0.21247269488209874,71.09168189739536,75.7631134224878
Halifax,-0.32805904683667975,137.4827846804099,139.59436926211424
Hamburg,0.25588013300975876,1523.164997999045,1504.3041724797029
Hamilton,0.141998850570071,80.85500737156367,99.33949051107523
Hangzhou,0.038169736609868554,173.8740140348808,183.19207458677423
Hannover,0.2003056745115912,622.7461463257005,623.2237989315616
Hanoi,-0.03725403987413656,1302.2784726209918,1276.6143157170652
Harare,-0.004491321832606809,176.66782117248948,191.16143706179668
Harbin,-11.900718350190289,288.851079653494,87.60464594948996
Harlingen,-0.3031605637807475,10.549313422301692,11.948165097350653
Harrisburg,0.01904503485604314,25.792985503240978,30.248581126331363
Hartford,-0.12493734180720795,58.53320590118019,65.55341378291256
Havana,0.11885409021663595,1725.940262585628,1791.6212870391653
Hayden,-0.3832037559831334,10.908407078590903,11.197242615371875
Helena,-0.32618013802244294,13.939930163327109,15.36323609912638
Helsinki,0.16064904548879533,1596.4369296310892,1653.6614513153552
Hermosillo,0.10129622888082868,19.966699968727777,22.885708316792172
Hilo,-0.25779403648314037,45.63176935388347,46.81945354731034
Hiroshima,-0.5447860085302487,68.94745520592534,59.949213369265735
Hobart,-0.0867212936041788,193.8927549964832,195.858997332105
Honduras,0.1927243213116987,151.86218971023513,161.03313930096812
Honolulu,-0.010067218090866303,1170.7873275186985,1171.9188958195473
Houston,0.006840801109636252,594.2437222645747,614.5773131255285
Hue,-1.4571090710809727,71.1002810408545,58.098970650304985
Humberside,0.3007115667468573,28.86570158654677,27.656233984868702
Hungary,0.162390958798035,4033.4183684825844,4090.1329716049777
Huntsville,-0.05310890216967468,22.089599350441325,23.344039907838358
Hyderabad,-0.26485573176307287,415.2663504512638,398.2583424659803
Ibiza,-0.1850073704460562,3201.1015086945317,2735.859413459479
Iceland,-0.04317176891895991,1757.7734344740431,1688.316737520364
Iguazu,-0.027217278417725144,77.96252936600783,92.07121500671369
Ikaria,-0.6015095883255188,27.446466232183855,24.106377203449714
India,-0.7308933607501922,11429.041304175484,9230.644979861283
Indianapolis,0.10636115527704948,110.8551295042612,112.66281638283546
Indonesia,-0.03213349968619772,7997.53919342328,7512.33353506034
Indore,-0.009340570378564506,54.03299836821231,61.56293432587907
Innsbruck,0.5190426881595801,280.67746927929596,239.90632252758516
Inverness,0.03364992883105955,310.7725197097642,313.4641702573937
Ipoh,-0.06840407407824012,16.673020830671312,18.3691004354174
Iran,-0.25216180845833946,1148.2411124682674,1114.3589158086309
Iraq,-0.09819570009490342,590.6029385777256,589.4046758336171
Ireland,0.22657143496082544,6595.164206063684,6426.521409212484
Islamabad,-0.03976861529696718,736.0326141154752,771.4367396243113
Islay,-0.13778687345061402,17.83882437405069,19.250797467247946
Islip,-0.29577099995917067,7.316179182493048,8.321958904008119
Israel,0.08849993056442251,2754.1079661603726,2796.4419989368575
Istanbul,-0.0295010580412971,9126.943910391561,8678.96373238008
Italy,0.13624529500630223,31250.492145817072,31370.224360349297
Ithaca,-0.5421939951102237,20.04082877097372,21.227552185171838
Izmir,-0.12493416681173919,658.8853214523975,425.6280935892501
Jackson,0.06060730133997427,40.48416725812829,40.47720761042565
Jacksonville,-0.029160679590337413,8.952367445730284,10.560456533100263
Jaipur,-0.17740319636870328,101.73304333547364,115.56074092766107
Jakarta,0.15037650430414606,1672.6662193277261,1743.0917443325113
Jamaica,-0.1422002344200879,578.9545123212102,536.92002601499
Jammu,-0.12059900876205254,64.74686490046417,73.82094667483443
Japan,-0.13372063461680828,7453.74802586563,7014.653235144016
Jeddah,-0.10575485845611055,480.8634867621427,469.3818690825602
Jeju,-0.8629199703460839,384.7227886543883,321.21595463444646
Jerez,0.2439865251124388,193.46074119076312,209.68891462823868
Jersey,0.039777881099515744,328.33198645941366,318.16305282605293
Jodhpur,-9.11204238511103,63.54885858446358,24.252669795045243
Johannesburg,0.15406791059305458,1215.4443072857434,1214.526150043969
Jordan,0.05071902212686308,679.2391128902906,633.8645858873862
Juba,-0.020069302108317144,25.770833186645152,24.862758844177975
Juneau,0.07432447195638758,17.359109704764457,17.966459566504433
Kabul,-0.1232756585835959,112.20840722661946,130.19642814741022
Kalamazoo,-0.26668039513837316,10.618956397303519,11.13368272985324
Kamloops,-0.19174998475855665,12.916849378474534,16.198770363528293
Kano,-0.17505791266292792,21.13712145049119,23.656888614233488
Karachi,-0.24229240468129176,270.37007568453134,233.8931243394753
Kashi,-0.2676470621259852,16.280231462333337,18.127920023405885
Kathmandu,0.04991391866638173,965.9253447814474,1040.3613347936348
Kazakhstan,0.29301431079063534,654.4544198237351,629.8193546968696
Kazan,0.3291595154289795,289.45909785354,295.8494128736041
Kefalonia,-2.091245324467644,244.88252456275814,79.32957094686002
Kelowna,-0.016750589261617987,49.393158459940345,57.61690917305657
Kenya,-0.049465039017548174,1006.5382620523612,949.1078703758467
Kerry,-0.1865109488610126,96.88762122453483,89.63700342387902
Kharkov,-0.5449461639737849,179.99418683688444,147.52315297627862
Khartoum,-0.47558998310412415,122.09081242800548,102.30948195380645
Kiev,-2.0407578457686077,2580.1107718662065,1338.7890979935005
Kigali,0.2579767178578827,50.05086544496935,55.815930745621365
Kilimanjaro,-0.12596371233537784,180.81295007036704,166.21678380581784
Killeen,-0.09934061091179647,13.992305683830574,15.693697729901006
Kimberley,-0.352142478224611,7.663446162877767,7.375333678892095
Kingston,0.0387962913818195,224.33935361722342,230.88650731000394
Kinshasa,0.2230335724937076,49.37006810642569,48.559088723494895
Kisumu,-0.04374405431024586,8.997521781715143,10.335515982523562
Knock,0.21955138177313893,163.54098581320818,164.70542164108852
Knoxville,-0.05315752458672218,39.36644743347793,40.54310640000961
Kobe,-0.22137317601499928,21.833745596538986,20.537648831627493
Kochi,0.0321024930040692,468.5622720074065,471.4845973591025
Kolkata,-0.19426437594725332,362.06793233172857,393.9651531970738
Kona,-0.36275336731470675,88.51198765863455,80.50080817723199
Kos,-0.8561186413937987,540.0875554348231,468.6461628948793
Krabi,-0.024194444044799868,541.9799389056816,536.2717539293861
Krakow,0.1251792531483078,1479.1378655866881,1385.4856418771205
Krasnodar,0.14638983254388926,785.0493506274634,815.3789608069138
Krasnoyarsk,0.5045724054635423,204.3748941241372,166.127705322762
Kuantan,0.11450455390316805,28.18608602741788,28.422669896800688
Kuching,-0.3069007955945424,162.4393745689688,158.41082276641092
Kumasi,-0.0680357174257824,7.192993960193754,8.353110537108993
Kuwait,-0.006586385093583225,356.46615840758665,408.2926615320651
Kyrgyzstan,0.03154308623372082,338.4155369889995,356.2525318166613
Lafayette,-0.17648817383411575,13.369841880587854,14.509097361655547
Lagos,0.02143742523941372,402.5156756300512,380.2912061109388
Lahore,-0.05158664820346659,487.04833137142316,487.20276625776535
Lampedusa,-1.6595435208340579,143.62235481615764,78.2575351932076
Langkawi,-0.11917573274595106,292.1566849925994,289.02476159059455
Lanseria,0.2655074014413006,8.677932334998369,8.98820575765461
Lansing,-0.24548909033578425,23.980372270495728,26.669185658915
Lanzarote,-0.0689644659195181,1878.4234837239385,1721.0744729288122
Laos,-0.05187685163251188,340.3931863231975,358.57463513868873
Laredo,-1.7409513480786818,9.965774380500418,7.469433807608848
Latvia,0.10288468296583231,1155.2094858846535,1125.8633628277512
Launceston,-24.430894191649294,371.5278030936428,85.40457828587118
Lawton,0.03585240758952801,7.118848771119909,8.549593374833684
Lebanon,-0.1465346112450856,482.166542052265,464.98549548950996
Leeds,0.1513060726631772,544.4460826917358,529.8060618046948
Legaspi,-0.697482819370951,56.4200642104992,44.364562152691185
Leh,-0.6589137348526444,75.45627557236311,70.54516505402763
Leipzig,0.5630324092775769,99.96385449172432,79.3381970814124
Leon,-1.3365356144132905,46.168220826110726,35.492254601796574
Lesotho,-1.0100731779697285,24.607571637634074,37.19906884125261
Lethbridge,-0.41101218895487013,5.616758203877217,5.918471152354297
Leticia,-0.027151466675190417,32.806663840440415,37.083056325042165
Lewiston,0.0239451688168556,5.30154466058535,6.9751806092208115
Lexington,-0.047840781176621716,35.99606260198002,39.01062855972716
Lhasa,-0.5379720782716568,107.72163091508756,98.31758261257876
Liberia,-0.06815708711562718,46.30861776646828,57.30289194954518
Libya,-0.580750818084925,152.08758245302624,145.8743313502242
Lille,-0.36988755445776933,110.37816713217926,90.08358195743135
Lima,0.15419664281693268,1315.6737970245933,1351.3783266712826
Limoges,0.40422675834947486,68.43105959170163,68.18201993738478
Lincoln,-0.028092932346372557,14.991689477245643,18.643775142457066
Linz,-0.47374594448967855,83.12960638779288,65.00722255545918
Lisbon,-0.14633426405555716,5500.618204270866,4913.7002455348
Lithuania,0.15338921476959821,1068.3186071515331,1061.7952899931147
Liverpool,0.09048165161301136,742.6568389260407,716.9293832766717
Livingstone,-0.09074528757219524,62.71218763129298,67.7776801445819
Ljubljana,0.34488144842324286,264.96789408446256,158.7972204980403
London,-0.5109428313692814,30926.765183280542,22914.743390291547
Lorient,-0.23033340383522316,18.597742816173376,20.174571786637593
Louisville,0.09263312055397299,44.500311309745534,45.43881639255417
Lourdes,0.03369899700953449,87.11794121315211,96.85985304971561
Lubbock,-0.06711978722468115,13.9012429491413,15.852668224742168
Lucknow,-0.32273313817756,73.23547543947944,83.65713473103325
Lugano,0.3152303754007809,24.747450180462597,24.050881044823665
Lusaka,0.39792293484841146,56.3556198809279,65.3529872580312
Luxembourg,-0.490579026704586,538.5524599095388,353.53234276769155
Luxor,-0.018279895857130413,91.5245123868919,102.53161983703491
Lviv,-0.5419975259323138,347.9280442441101,276.51085679549954
Lynchburg,-0.013302630417668437,9.586490972689248,12.465366082169428
Lyon,0.18911280368859662,877.9594141849515,857.9538527094021
Maastricht,0.173117709492004,80.93652789153974,67.0097116216217
Macau,0.057013258583167525,257.3530865624073,276.81489746929714
Mackay,0.06281094293696576,40.66335077923181,42.07339313813719
Madagascar,-0.2525729362141409,326.69124374173117,313.5045708398843
Madeira,-0.402636668693092,970.4263435964409,811.9031376475122
Madinah,-1.0847116700582453,138.09215015825023,132.33509062579546
Madison,-0.1931546306908345,33.983189425094054,34.28029112150303
Madrid,0.1884944414326638,6422.800595295549,6455.238673102549
Madurai,-0.2236351678934596,36.56825488983161,39.62766084323235
Makhachkala,0.049658501276181766,82.72417708461985,86.68953456574678
Malaga,-0.20498275132787058,6216.299990319143,5274.345063577801
Malang,0.2635998557728816,29.67008384126363,29.73815875163592
Malawi,-0.23911246835198274,92.22174639613155,94.66869182014455
Malaysia,0.022718756389565886,4949.246465856933,4936.708644429046
Maldives,0.12055960868098659,979.1857218325125,1024.5815900588395
Male,-2.1436638479745,1842.5149391474479,1017.9762602082901
Mali,-0.2616990750223547,56.52094416625213,61.131239296850104
Malmo,-1.324933162666924,224.3515951240709,141.00124563113354
Malta,0.011732115891056938,1731.5023924473285,1623.9001299136578
Manado,0.07016939321621851,74.34748652855826,77.92851542038382
Manaus,-89.78426230692331,1878.7300265548056,214.17554391965777
Manchester,0.15471746152255117,3643.101711685392,3700.945412980754
Mandalay,0.01508513284564128,94.27640767150457,101.7011628421106
Mangalore,-0.20372913797881043,67.7914213083796,74.66621035481846
Manhattan,-0.09357133672413065,13.227030158872573,14.375552978494428
Manila,-0.044017477671166594,2834.076485928947,2789.7394034392464
Manta,-0.2530799688523766,14.479796554681382,16.441616642304368
Maputo,0.28422716706284845,55.97320349860391,56.07214984199576
Marseille,0.1871373845824077,923.3882690990711,933.1142258776019
Martinique,-1.5589777779007012,296.2730048153191,208.23226937199843
Maun,-0.6881968680989123,20.997846113602236,20.424151795423477
Mauritius,0.07076182930455821,583.6686195983231,617.5758614047702
Medan,0.09150387008139049,167.72344277576656,174.69815933489397
Medellin,0.16392566997929192,178.34079728878353,182.77204253181065
Medford,-0.05646507898275965,25.69754706895022,26.8071567374041
Melbourne,-0.37953392673771646,29.607354909912075,26.18608886412784
Melilla,-0.24896136985505946,29.356633619129294,30.149193871960033
Memphis,-0.16742357841985767,75.9441784580663,81.08675331088304
Mendoza,-0.38288753882635906,92.45452153226049,88.92071707864962
Merida,0.020343534216610393,46.464816420591355,53.21388501691782
Metz,-0.014230673686997264,29.238628763228817,31.12547690397691
Mexicali,0.11838004422915993,10.117748203236976,11.199081903614731
Mexico,0.13049014219733412,3676.596270413149,3768.509626274068
Miami,-0.34877418651993985,3668.7861342756205,3010.4097076721764
Micronesia,-0.3894372092875349,16.785086176444935,15.680797147898714
Midland,0.09526736830572413,11.009997102618271,11.444262003838428
Milan,0.19611035777927788,6559.874375570757,6639.934520632057
Milos,-1.5351253400531988,60.59676669612798,46.04740084955937
Milwaukee,0.07749088762557921,54.85238545796062,59.80144049399019
Minneapolis,0.11555780566334772,246.71564598745712,254.973509653454
Minot,0.0969460435213374,9.111473187200053,10.159981386508225
Minsk,0.24555290486438874,437.06958699588773,449.1289318033437
Miri,0.05417548495319602,31.436133989927217,33.85511091631882
Missoula,-0.10245638085054076,22.39441875849993,27.093545991158116
Miyazaki,-0.020254304351488006,15.339853130733466,15.969767580102724
Mobile,-0.3973788056246912,25.29605350162193,24.01295833438167
Mogadishu,-0.07565187997015221,43.90205740427965,49.25618853885266
Moldova,-0.07043342833952093,501.8017001401056,485.45996882145187
Moline,-0.6229468754591301,12.101470859579733,13.082156263399394
Mombasa,-0.09869999695328469,256.7597505825981,238.28024290770784
Monaco,-0.11471346094042989,25.954400860260805,26.26854218630623
Moncton,-0.044753042165554424,21.668353112063475,23.1514439175778
Mongolia,-0.08077563579729752,166.79888130473756,171.47655662701024
Monroe,-1.4537645032048587,9.495970157829104,7.397729803797921
Monrovia,0.010339735490720647,40.664452453789266,54.556069116271146
Montenegro,-0.4154440543209843,1044.6258367115206,902.4853597540032
Monterrey,-5.7569812112578944e-05,82.77309720684794,88.85904293722024
Montevideo,-0.6825362370606189,239.6394432322287,148.427530038693
Montgomery,-0.017168252299208264,16.69431423618525,17.490920077464477
Montpellier,0.22899054780537464,227.0574426515188,219.72878599430535
Montreal,0.011010083553465777,852.6603598412763,829.4023695206124
Montrose,-0.5753321100967332,8.28469516143686,9.389812256842518
Moree,-0.5658916676184957,9.100519753923555,8.019607319719588
Morelia,-0.5191439111879346,19.796733942195033,18.070042375479172
Morocco,0.04084664610061606,4839.934807043665,4831.645053879651
Moscow,0.2089879826469374,8061.2186002684475,8023.137325505888
Mozambique,0.11643303586467368,137.67471072001933,144.93877768680042
Multan,-0.12753941704869765,26.26325288549694,31.72584393498614
Mumbai,-0.574951539726102,1777.1608994577773,1454.874664261818
Munich,-78.5181934279372,36517.995686152746,3645.8060390582486
Munster,0.044286501312173265,76.26236794042363,73.97019683312497
Murcia,-0.29210281115544756,802.3552160178835,674.6730423705711
Murmansk,0.4977682269175341,69.5688522617108,55.45330697111091
Mus,-0.12177002464374187,24.072042557217557,27.924963630235947
Muscat,-0.11787806892104724,346.23653417241627,301.871002399773
Myanmar,0.12243403385240947,505.4789266011586,532.0406223844072
Mykonos,-1.153996232374686,892.0538651355785,645.436721654537
Naga,0.005070579146489451,20.68643205998597,21.611893155881784
Nagasaki,-0.2075919466682874,15.925591580347149,17.76517581602258
Nagoya,-0.09601095291612416,271.02841135491985,259.1017732218727
Nagpur,0.06075002233146298,26.959546210743785,28.694671625364524
Nairobi,0.023984530414544403,711.4604661727108,694.5755849460338
Najaf,-0.22920077219764767,125.54187781402545,130.5939551924686
Namibia,0.12337086426667798,212.5047994114944,224.2079538777143
Nan,-0.023119587250900242,24.2108982129332,25.29710874660383
Nanaimo,-0.3020649442354888,11.752851090152975,13.069509931277072
Nantes,0.1648776138901218,317.25769303006274,315.39201317195125
Nantucket,-0.35432403686936254,7.767211919205477,8.358487686552515
Naples,-0.09696459090829257,1680.3324769090525,1582.0108023740308
Nashville,-0.3915854920907793,215.66359904713545,199.2783245237675
Nassau,0.13557198976799045,224.0646088728451,238.09879822217448
Natal,-0.1291320051737217,202.40825995170002,215.31926404469718
Navegantes,0.12336766346662997,29.615309347760263,34.35362972088976
Naxos,-0.8046411020308692,97.39109108754265,89.85337024931947
Nelson,-0.22361694501358498,36.94578872836721,39.40736938338754
Nelspruit,-0.0790673265848143,27.23226756317249,29.463691572743393
Nepal,-0.11789502506508942,1067.7275206018205,1061.8207531942776
Netherlands,0.16380161602251808,9491.579679006381,9212.744976146243
Nevis,-2.7340869499509415,11.244118629386124,8.456668042142839
Newburgh,-0.17750348362979818,12.36929605536176,11.786649261195976
Newcastle,0.19175901602449452,748.1194911843545,760.0995968225768
Newquay,-0.15478074603619074,202.2572360094861,179.43167555202248
Nicaragua,-0.1662579870504468,226.71489906852372,230.37498482433486
Nice,-0.007629612575562605,2286.6588464080173,2088.2356442363907
Niger,-0.9937030236058748,24.335917522654437,32.01960306544649
Nigeria,-0.007642623636835655,531.0240815163614,486.07216594638754
Niue,-0.007275550295121391,9.379252147070321,12.627315691092072
Norfolk,-0.3463248051290633,77.42143524504499,66.16460548912272
Norway,0.17610073592644315,3388.9000979156717,3409.38002709013
Norwich,0.026017266856373844,78.61905175242369,83.66189360399542
Nottingham,0.1460291420048231,537.750733859289,526.5693147185136
Novosibirsk,0.5143684980160554,348.419847503117,317.3231981699009
Nuremberg,0.10505216519724592,412.84897425841274,377.5149179068127
Oakland,-0.4698270188970384,101.16603330619556,96.78552571682013
Oaxaca,-0.19530441759959039,32.13976377547173,32.70806506293655
Odessa,-0.035265103609569914,348.0788499440295,348.9768870223088
Okayama,-0.24535067444821812,24.103030714623706,27.200511972433535
Okinawa,-0.49967633126209043,477.26095772778103,450.32784771729075
Omaha,-0.3790624860913212,47.403318257576466,45.24697590032952
Oman,0.11717276029947554,332.165365691886,323.2589332256052
Ontario,0.18104648412594415,44.7695069681638,46.594330143940255
Oran,-0.0973713386496522,120.1389722107288,133.2428479993157
Orkney,0.09671426893037094,38.67736967243623,35.42930489243742
Orlando,-0.1661510596372333,3225.5176520642667,2818.2199267251353
Osaka,-0.08676702454287044,1517.7172569427426,1469.5063084672347
Osh,-1.0857020589056225,106.6327572690476,88.23336511065415
Oslo,0.1427383399617007,1968.7628233761288,1951.1411762975404
Ottawa,-0.44041185427666596,204.61098441599702,184.58122571572318
Pakistan,-0.006795590196811974,1484.9062184438285,1520.445120191987
Palau,-0.06621971813174365,101.32318125313417,122.97969138108739
Palembang,0.0033234449886031525,40.13234331527018,40.48341963847669
Palermo,0.046063571883582344,1172.5681568110444,1147.3786214144425
Palma,-0.228704165321427,4752.305959502136,4002.592113109427
Palmas,0.07979841507159191,18.668451288403915,20.671740126166206
Palu,-0.20539650341488347,15.047308425703518,17.65117349586848
Pamplona,0.319588241055609,42.38342853034207,39.275937341230424
Panama,-0.0894779797069829,494.29393856717377,484.437548683232
Paraguay,0.12188165403295503,113.6773979130905,128.92271955395412
Paris,0.10632508790790407,11484.525306298236,11414.703943209952
Parma,-0.12056786065083713,55.99727381167131,55.398368023683695
Paro,-0.3349871308758199,37.79792985504256,36.67049112508365
Paros,-0.514843662492358,59.456306746058594,38.306423174862104
Pasco,-0.2420214790571591,19.242095698190084,20.81476573628082
Patna,-0.23244030674690386,58.86949403852852,64.53381577828983
Pau,-0.03280139619292277,62.75351097122693,65.24179635929333
Pekanbaru,0.1762001448520576,39.26173698977976,38.07304528592046
Penang,-0.004686411989599737,371.7253476045074,354.84746109353983
Pensacola,-0.31195854011175306,47.94159296398963,49.76292918522532
Penticton,0.07623451166671713,5.261482192667136,6.323925303954815
Peoria,-0.2693744867839365,10.375339370288682,11.147568400776917
Pereira,-129.86869160054707,506.04069449789694,49.49763547856352
Perm,0.2020432982907382,172.9720487391058,173.16181140680962
Perpignan,-0.19860127313733278,97.04608583623727,86.23766157656148
Perth,0.06431603596948077,1558.1362842722617,1621.593765621688
Peru,0.15209802551229923,1620.8353977656793,1670.6213928657749
Perugia,-0.03556056313512568,75.3253940529158,51.83351080856799
Peshawar,-0.09062175056430655,66.90657659797427,76.21219054902734
Philadelphia,-0.016349373379991983,425.80212546773856,396.0520790949957
Philippines,0.03338058089405882,5081.810897523319,5107.091034321942
Phoenix,0.16154473181153783,470.05238808144736,481.79514505324255
Phuket,-0.001317548753801967,3288.102996012583,3188.5665280114026
Pisa,0.1934013775510529,1083.5466099831083,1063.9474015576384
Pittsburgh,0.10574381624398399,120.53062255516176,119.7720901304588
Plattsburgh,-0.9831387130435905,67.6239773273116,57.80922828580226
Poland,0.1894461496779143,5787.294134121874,5603.621337693153
Polokwane,-9.319249611114223,19.79959860435056,7.310243310455851
Ponce,-0.005632765783499583,20.45804943560163,21.8240903125136
Portland,0.007094277432417195,290.89060753745366,282.7319633601209
Porto,0.1775956637197319,1670.228057365823,1719.2747631802758
Portugal,-0.07095925421296867,11007.970150563298,9992.520419051256
Posadas,-2.909833656558414,12.379517766048853,7.942769079178953
Poznan,0.14412581118990886,330.4892133215255,318.29901625672676
Prague,0.12272070535950141,4979.289520739772,4888.965845065678
Praia,-1.0218076440698014,97.71075815489027,101.13598179933851
Providence,-0.05304787501544128,27.39387027173446,28.955360646281896
Pullman,-0.22495394172646277,11.911863497795862,13.5513887376442
Pune,-0.027838325939877562,102.54248743973814,116.93195061324664
Pyongyang,-5.152569318465012,123.19436012384483,56.92993706631862
Qassim,-0.03780441287425562,27.237830606944666,31.153222959771757
Qatar,0.16631779944105485,438.56893189406384,447.389035495989
Qingdao,-0.09307972397993525,146.65463087205728,151.25806945157916
Quebec,-0.01605417870222947,95.91048796075647,100.83162307003444
Queenstown,-0.02378645565674442,269.91742923686326,272.5339340611436
Quetta,-0.08459234934722137,6.638446986889628,8.281360848314728
Quito,0.19407672969153833,402.55873236607806,462.67686567544104
Rabat,-2.4461446437296264,353.88061968903787,198.41608791958507
Raipur,-0.2458883272800838,16.857000798196854,18.387608686988266
Ramsgate,-0.22609724337732762,26.43906014664935,25.217647900329645
Ranchi,0.02086593546798443,18.57635804922189,20.067684864140446
Recife,-0.12892641136372474,374.7376321551059,360.852191839635
Redding,-0.2677583040189808,10.93408947470347,12.105695005347691
Redmond,-0.03432480854013931,13.380062372158703,15.734000430000314
Regina,-0.1926947323663375,36.66019806488208,41.54937222186696
Reno,-0.04426338016706244,64.03814083203451,67.72162790954415
Reunion,-0.010790184217701393,236.9381639089919,237.5474939354234
Reus,0.0814405488145622,327.7815111187319,341.043280164428
Reykjavik,-0.146115286598971,1814.077373758162,1660.3856833638174
Rhodes,-0.5171519219560621,893.6928421550032,752.3309510074339
Richmond,-0.12657853300015898,70.28894183736507,69.11976585065953
Riga,0.09775627010816312,1158.509212989451,1125.8394304015449
Rimini,-0.8010163234137377,226.2032951666194,102.52433375592729
Riyadh,0.03564510644747243,275.5703724559418,307.9936596661224
Roanoke,-0.012104428060790928,18.901427661856246,20.54791751157523
Roatan,-2.56282326332952,110.9853041374688,61.85987030933302
Rochester,0.11414843981662792,47.28252036211556,51.03650654188627
Roma,-1.3974440379765163,28.038424935351493,17.71172865734031
Romania,0.05145474329959987,2424.4456591717594,2312.398552728347
Rome,0.07763044120699802,8660.57395367895,8515.405142735248
Rosario,-0.023208932370582636,21.967405759883984,24.716381049569126
Rotorua,-0.16548007747742965,20.50803340143005,19.698299521335795
Rotterdam,0.3044490550352268,327.2459165786925,326.2375631010706
Russia,-0.06313684809385944,26744.93440973201,23479.20238555924
Rwanda,0.06878011283339547,72.8574435311391,74.49869047716544
Sacramento,-0.009125686908525221,124.36986275358277,126.54527583413574
Saipan,-0.004286044393298161,118.23153429219226,131.10109685908907
Sal,-0.09289062913073032,149.2282705065811,152.9183612743864
Salamanca,0.05132495723336916,23.48588740529895,24.801215948013517
Salvador,-0.16018436932694358,511.5119237483993,501.4309551797736
Salzburg,0.09136821239686566,547.0803542745748,508.27193295718314
Samara,0.31911335704170374,278.79105863469744,286.4242039858123
Samoa,-0.14210905658193762,93.14607314358398,99.90569361746859
Santander,-0.17627901811032598,203.61354733007997,187.7750528391618
Santiago,0.09154241439633692,58.39211553541957,62.71673639019732
Sanya,-0.02676018899165089,187.8324659755844,187.98354591600898
Sapporo,-1.054483751670149,483.52493904835967,337.64782691368123
Sarajevo,-0.17130841227057703,315.52289875689814,313.457453502465
Sarasota,-0.17988546669842886,52.459847593813514,55.70144957157758
Saskatoon,-0.779159159207343,53.17932923875216,46.71217462358733
Savannah,-0.48604143350192475,90.9191147349351,81.7159907516959
Seattle,-0.9987693826947293,1052.4481070385486,765.7250392805828
Sendai,-0.289327074366869,40.08443800422589,39.880160324401906
Senegal,-0.44176804004699277,271.90063468588505,233.8903466119995
Seoul,-0.057997999622151575,3431.523118087271,3327.9412708382392
Serbia,0.06623210406653968,979.0083517827746,984.9483562068274
Seville,0.2532978278520397,1390.0373772065025,1442.9421283210197
Seychelles,0.17307037489391208,364.43770874992606,367.28739569328576
Shanghai,0.16395860742067547,2224.9776597247837,2352.3291762334993
Shannon,0.26939828061257076,296.33786800086466,291.0295128733189
Sharjah,-0.25554466276798915,151.86161805398376,146.67452255387178
Shenzhen,0.026560480279904874,190.2112235035002,186.95934676755263
Shiraz,-0.019006427988283114,331.46376752396645,415.6445111726711
Shreveport,-0.2111680533030056,13.257142951434362,14.82864428753519
Sidney,-11.87043398190322,122.4497548787607,40.49083326044304
Singapore,0.05681869390786498,4173.1793746451,4155.00469547437
Slovakia,-2.593033605935349,846.1882439617873,431.52363841139976
Slovenia,-0.11494290701320908,480.9879212461329,428.1934903016612
Sochi,-1.856482306673525,12348.49178286286,8985.273454952467
Socotra,-0.3626311111231486,17.59463190197352,19.74332063451889
Sofia,0.11750457155746374,1133.78164914874,1156.8397994712254
Somalia,-0.30206238998344714,66.8277400718665,69.30729071948348
Southampton,0.16390911594945878,273.93600262956437,268.9889902123668
Spain,0.07944544421705613,51752.34554205632,49900.55959013207
Split,-0.10417030915938286,1149.8617226465967,1062.2484137432261
Spokane,0.12106065325980919,37.662044170276545,42.08140432356969
Springfield,0.05414341187614158,19.8045247655769,20.531992946983983
Srinagar,-0.5399748273727167,214.39926303012342,208.76239212843748
Stanley,-0.04804897058722912,12.425241246685708,13.341492051350555
Stavanger,0.22162916477831673,251.1569192188798,244.4007367761373
Stockholm,0.2068578834480862,2799.5704151831687,2810.4414641820513
Stornoway,-0.29951375130888236,87.31728404867106,93.56350742610604
Strasbourg,-0.05814542895507668,213.6073958770342,184.92348121926
Stuttgart,0.7088564986016617,457.58956009971064,325.1679523227065
Sucre,-0.35369466546807904,20.32717750094644,23.37027734711871
Sudan,-0.7341958402777633,154.2323315085395,115.47766973329195
Sudbury,-0.006145297033945063,5.900524298788186,8.251249905317376
Surabaya,0.1860651398867127,256.8740197171501,277.1213469538209
Surat,-0.057487367895403096,12.253056299489302,15.229557892261681
Suriname,0.14627753817792744,144.46875241098718,155.38877271374488
Swaziland,-0.15636813182554588,14.560936752594971,16.277038918910957
Sweden,0.022319772248931447,4302.08094764761,3911.617500826664
Switzerland,0.2226007025146769,5655.487057243042,5641.066192941237
Sydney,-0.0198745819861208,56.24715621858515,58.033953558455764
Syracuse,-0.15431548249595983,38.055657427332584,35.76954011446052
Syria,0.09566273396650149,41.52981719381413,43.56566994384742
Tacloban,0.10236320794680509,66.46954226341111,62.41573093172854
Taipei,-0.22611190207070675,2432.2126892934602,2362.8359408678866
Taiwan,-0.1943847564624337,2753.9871403965326,2693.1175474412435
Taiyuan,-1.7022127629676982,31.052079167164564,20.621695727495823
Tajikistan,-11.267660517479012,379.0782057135011,140.5783496815692
Tallahassee,-0.15932296181184502,31.29508309451218,33.91269178438215
Tallinn,0.0019575263243011287,976.8076038227572,978.4280024790563
Tampa,-0.10857503695123616,555.682658729038,517.4200084425793
Tampere,-0.5682035527968108,118.1160916712695,88.40392891968942
Tamworth,-0.02777758580105183,16.607641330561638,18.496442331060585
Tanzania,0.11568626931541481,739.1613886099989,758.113357855786
Taupo,-0.013273121595744453,9.39205219788099,10.88894360082444
Tbilisi,0.12865460741823864,543.5038904617212,477.77730381035286
Tehran,-0.2470108992564155,118.43592815700083,121.06899085593717
Tenerife,0.14315758117798671,4215.696054513395,4294.956574935996
Terrace,-0.8656778823263465,9.840378792265778,8.736482862828725
Tete,-0.24246261359035692,5.279479285199375,6.313309044688847
Thailand,0.009746294972647895,17767.1983616975,17262.09586512647
Thessaloniki,0.09529835082640203,939.4595504724829,554.4066556769237
Thiruvananthapuram,-0.5089337248386978,271.34339194968317,224.51590809624437
Tianjin,0.24420274914518558,48.88154082233972,50.55018700509426
Tijuana,-0.06756582855711235,45.583074892920116,48.852669331176266
Tirana,0.12022772854482167,274.65765391215905,218.37831833621857
Tobago,-0.20085273413645832,54.0835773330943,63.202556780511266
Togo,-0.6264063328468952,68.18267825015243,70.58777212958879
Tokyo,-0.2743203185397891,4488.55778863164,3945.8335433017587
Toledo,-0.36513139863495603,11.266050402415388,12.979299925747153
Tonga,-0.37884835304820297,49.50658139087758,56.747867870189616
Toowoomba,-0.6852027947834161,19.47919219430867,17.7628559758659
Toronto,-0.26067587691375427,2238.8484851316957,2002.7976545810398
Toulon,-1.804008678147881,147.1912012445781,109.2190977283449
Toulouse,0.06705906258386074,686.1328334788972,664.6795696958752
Tours,-0.10496551520940178,49.03468817912595,47.07509314415905
Townsville,-0.35294496067545555,103.97865909658982,87.65153362980166
Toyama,-0.3519570620765835,16.04380319472668,14.880103488844076
Trabzon,0.09567075631663002,115.4792996104761,103.70981032701062
Trieste,0.2721334465644045,202.09311353363762,209.6420514736816
Tripoli,-0.06376206101055515,94.93254317225319,105.86784471384517
Tromso,-0.244567907771591,298.6799010053266,285.9319426030979
Trujillo,-0.038466652399549384,19.037828385176375,24.270822453733313
Tucson,0.07732811894530922,66.8315722472477,69.60790072793462
Tulsa,-0.0317477931045651,31.24616110464652,33.71012748882003
Tunisia,-0.18067271227172643,1146.4226051542732,1131.8501566503294
Turin,0.2304872456382504,683.1343954618886,688.1014873792919
Turkey,-0.05721978073771261,17693.868678513627,16909.870791923597
Turkmenistan,0.18465882696058888,47.11419376287926,46.864839113788605
Turku,0.17982788275117212,51.239498084974485,55.68920108006116
Ube,-0.08676984479739125,6.121127484578698,7.624334670426441
Udaipur,-0.08748870842945822,31.19817555732437,36.86400273411238
Uganda,0.0019616264894928293,206.6219787197115,213.39343917471436
Ukraine,0.21730485421995116,2686.5828704491582,2772.3511330567308
Ulsan,0.06404960396911807,16.068313268046573,16.402185210742502
Uruguay,-0.6486727469683562,332.5828994738761,250.45215763039212
Ushuaia,-0.17515970914983447,78.02478978477082,77.57808943856185
Uzbekistan,0.3583389171024782,284.8958031744593,294.3913980776217
Vadodara,-2.1237476893727396,40.528890891488565,25.421378106698896
Vail,0.00845379984925887,17.400042147806477,17.28884044423599
Valencia,0.17982275633976186,1608.199570959691,1627.5934117658
Valladolid,-0.22882940005015628,53.410199871843055,48.730188482410476
Valparaiso,-0.06651671330746023,29.44477485566392,33.885532841280515
Van,-0.3336663521794119,108.06671466619356,108.69903628037028
Vancouver,-1.9900415543605239,2553.0666456954564,1533.511670874086
Vanuatu,-0.5153172988359496,82.45272191422738,71.05434752651914
Varanasi,-0.0894914498320003,79.10571648815493,98.66098470187569
Venezuela,-52.12847826372168,3782.9481712952065,496.64921231957703
Venice,0.09281451973628219,3093.5742337617885,3065.163413029429
Veracruz,-0.03911261950199796,26.838016540354417,26.244912717484638
Verona,0.12741219431724582,766.4202222092541,738.6301117292234
Victoria,-0.042663695190045425,56.354940200762755,66.15499836439987
Vienna,0.1205572132563082,3103.0424465308224,3047.4901171650667
Vietnam,0.05647038422500206,3789.8795947602393,3732.857396035994
Vigo,0.42196287249938147,75.3260010128745,68.94121107637594
Vijayawada,-0.5334360350319203,16.398031241421318,14.523887442816847
Vilnius,0.8179010318365498,314.53671249877306,287.4247959845743
Vitoria,-0.2177834033083199,81.17891265062188,85.47612353933994
Volgograd,0.4450620018692739,76.85894280352699,79.63485253268964
Waco,-1.2557481903137648,6.2108466235949376,4.840504961390908
Warsaw,0.22111926420106964,2359.662266674048,2315.8559075620065
Washington,-0.32229551348147334,1202.6526008269998,1061.0495894672379
Waterford,-0.07370976705020382,34.42926857019665,37.647752931366966
Wausau,-0.08008247398752366,11.748150073365698,11.54156059498636
Wellington,-0.6233973968169051,411.0981071486362,325.9924252319274
Whitehorse,-0.1490590791762345,27.97783287433363,29.67563931153611
Wichita,-0.7299997943069709,37.97448174878863,44.814751730387286
Wick,-0.031942200774513374,19.826659131155765,20.347697389692527
Wilmington,0.03569779253658034,19.238960695436205,18.81721338379437
Windhoek,0.05586157554401594,204.28690031291305,211.35781776150668
Windsor,-0.15757473306721503,17.645665645984472,21.190343190501896
Winnipeg,-0.28345822752220684,118.435949557098,120.38269324130961
Xiamen,-0.060151415734144065,188.218550340869,157.92799138756143
Yakima,-0.3367537199555357,4.703094376034703,7.38877817834248
Yangon,-0.03203235294515694,430.60294750110506,404.9171237300836
Yellowknife,-0.4500552117901484,35.935258746231156,36.77553616854377
Yemen,-0.030173166682649688,102.84695496893848,108.36012197831937
Yeosu,-0.007257341766303549,8.88123417643352,10.775140332893507
Yerevan,-0.28536792694419066,484.34670006329,436.0045232303717
Yogyakarta,-0.006759531588748757,252.09633201518864,251.3177281226894
Yuma,-0.13574616957995111,13.100961925343315,14.554511623333502
Zagreb,-0.41883754200204715,1104.7623747692649,882.2715729953137
Zambia,0.06604622383326175,149.9937154192629,156.28004473640422
Zamboanga,-0.018014140660751687,41.20174269359035,42.398181165340475
Zanzibar,0.041121475913796446,241.82311600759834,239.12247560579448
Zaragoza,0.4604473422154838,68.51832256168694,65.60363584657729
Zimbabwe,-0.10588370818157622,247.19966324343488,248.96400977663924
Zurich,0.20275844357880557,2029.0503341012788,2042.0252662271732
